PDB,Ligand,Ligand_size,Ligand_chain,Ligand_residues_number,Protein_chains,Protein_residues,EC_number,Uniprot,MEROPS,Catalytic_residues
1ab9,THR-PRO-GLY-VAL-TYR,5,D,"[300, 301, 302, 303, 304]","['C', 'B']",B57HIS C172TRP C189SER C190SER C192MET C193GLY C195SER C214SER C215TRP C216GLY C217SER C218SER,3.4.21.1,P00766,S01.001,"CASP194, CGLY193, CGLY196, CMET192, CSER195, BASP102, BHIS57, BTHR98"
1fn8,GLY-ALA-ARG,3,B,"[1, 2, 3]",['A'],A189ASP A190SER A191CYS A192GLN A193GLY A194ASP A195SER A213VAL A214SER A215TRP A216GLY A219GLY A226GLY A57HIS,3.4.21.4,P35049,S01.103,"AASP102, AGLN192, AGLY193, AGLY196, AHIS57, ASER190, ASER195"
1gbb,ALA-ALA-PRO-B2A,4,P,"[4, 3, 2, 1]",['A'],A171TYR A191GLY A195SER A214SER A215GLY A216ALA A217ASN A57HIS,3.4.21.12,P00778,S01.268,"AASP102, AGLY193, AHIS57, ASER195, ASER214"
1hne,MSU-ALA-ALA-PRO-ALV-0QE,6,I,"[1, 2, 3, 4, 5, 6]",['E'],E191CYS E192PHE E193GLY E195SER E214SER E215PHE E216VAL E217AARG E218GLY E224TYR E57HIS,3.4.21.37,P08246,S01.131,"EASP194, EASP102, ECYS191, EGLY189, EGLY193, EHIS57, EPHE192"
1iau,ACE-ILE-GLU-PRO-ASJ,5,B,"[401, 402, 403, 404, 405]",['A'],A172LEU A174TYR A191PHE A192LYS A193GLY A195SER A214SER A215TYR A216GLY A217ARG A218ASN A226ARG A57HIS A99PHE,3.4.21.79,P10144,S01.010,"AASN98, AASP194, AASP102, AGLY193, AGLY196, AHIS57, ALYS192, ASER195, ATHR189"
1okx,1BO-ALA-THR-THR-LEU-SUJ-CNT-VAL,8,C,"[1256, 1257, 1258, 1259, 1260, 1261, 1262, 1263]","['A', 'B']",A103VAL A149LEU A179TRP A198GLY A199CYS A200GLN A201GLY A202ASP A203SER A221THR A222SER A223PHE A224VAL A225SER A226ARG A44THR A45CYS A60HIS B149LEU B153ASN B154GLY B200GLN B226ARG,3.4.21.36,P00772,S01.153,"AASP202, AASP108, AGLN200, AGLY201, AGLY204, AHIS60, ASER203, BASP202, BASP108, BGLN200, BGLY201, BGLY204, BHIS60, BSER203"
1ox1,SER-CYS-THR-ARG-SER-ILE-PRO-PRO-GLN-CYS,10,B,"[1, 2, 3, 4, 5, 6, 7, 8, 9, 10]",['A'],A151TYR A175GLN A189ASP A190SER A191CYS A192GLN A193GLY A194ASP A195SER A214SER A215TRP A216GLY A219GLY A226GLY A40HIS A41PHE A42CYS A57HIS A99LEU,3.4.21.4,P00760,S01.151,"AASP189, AASP194, AASP102, ACYS191, AGLN192, AGLY193, AGLY196, AHIS57, ASER195"
3tjv,PRO-THR-SER-TYR-ALA-GLY-ASP-ASP-SER,9,B,"[1, 2, 3, 4, 5, 6, 7, 8, 9]",['A'],A100PHE A144TYR A150LEU A174ASN A192GLY A193PHE A194LYS A195GLY A196ASP A197SER A212SER A213TYR A214GLY A215ASN A216LYS A218GLY A32PHE A34GLN A41ARG A42LYS A43ARG A44CYS A59HIS A75LYS,3.4.21.-,P20718,S01.147,"AASN99, AASN103, AASP196, AGLY195, AGLY198, AHIS59, ALYS194, ASER197, ATHR191"
3u8t,DPN-PRO-DAR-CYS-NH2,5,I,"[1, 2, 3, 4, 5]",['H'],H363HIS H367TYR H370TRP H414GLU H415ASN H416LEU H499ILE H519ASP H520ALA H522GLU H523GLY H525SER H545VAL H546SER H547TRP H548GLY H550GLY H551CYS H558GLY,3.4.21.5,P00734,S01.217,"HASP524, HASP419, HGLU522, HGLY523, HGLY526, HHIS363, HSER525"
5f8z,CYS-PRO-ALA-ARG-PHE-ALA-ALA-LEU-PHE-CYS,10,B,"[1, 2, 3, 4, 5, 6, 7, 8, 9, 10]",['A'],A102ASP A174TYR A191CYS A192LYS A193GLY A195SER A214SER A215TRP A216GLY A40HIS A57HIS A60ASP A96VAL A97SER A98GLU A99GLY,3.4.21.34,P03952,S01.212,"AASP194, AASP102, AGLY193, AGLY196, AHIS57, ALYS192, ASER195"
